subreddit,x,y
r/13or30,-71.72342211,958.180639
r/196,759.2057556,-1356.849347
r/2020PoliceBrutality,-2048.899255,476.4434844
r/2meirl4meirl,-1859.233177,-435.5185537
r/3Dprinting,1327.868353,-838.550733
r/4chan,1174.514515,301.4469326
r/80sdesign,-82.80088587,767.1054241
r/aaaaaaacccccccce,520.9770772,-1606.34647
r/ABoringDystopia,780.9604179,-886.3031785
r/AbruptChaos,-1859.233177,-1635.572538
r/absolutelynotmeirl,588.633704,-631.62145
r/AbsoluteUnits,-2071.315742,-652.4850157
r/AccidentalRacism,-193.6721981,-1489.770145
r/acting,-1333.257882,83.82918285
r/ADHD,-1480.603247,96.72023189
r/AdPorn,-1877.260542,-1623.253041
r/ADTR,2037.859727,-1192.08443
r/AdviceAnimals,-306.4797247,-886.3031785
r/agedlikemilk,-69.7197152,-1592.698978
r/agedlikewine,-243.8117122,-1426.469781
r/AIDungeon,1383.427725,735.2596827
r/AmateurRoomPorn,446.633682,112.9855276
r/Amd,-1425.634489,88.87254711
r/AmongUs,346.7260352,149.9872569
r/Amsterdam,-1708.552281,1693.379077
r/Anarchism,-1370.27016,1780.077847
r/Android,-1043.044167,1729.71295
r/Andromeda321,-1025.719009,141.5224189
r/Angryupvote,907.6225405,129.6776005
r/AnimalCrossing,66.12531294,373.7588659
r/AnimalsBeingBros,-987.5817613,-495.1411439
r/AnimalsBeingDerps,-1074.741231,-429.5654101
r/AnimalsBeingJerks,-769.7129292,-841.4605666
r/AnimalTextGifs,-940.407455,-540.5586824
r/animation,1268.274338,1223.46254
r/anime,571.9988492,1552.583605
r/anime_irl,18.43804518,444.4336219
r/Animemes,1380.656907,926.6356752
r/announcements,2343.113993,-13.23150323
r/ANormalDayInRussia,-2093.434288,-690.132781
r/Anticonsumption,-228.0796598,-745.5480988
r/antiwork,544.2004083,-601.1839345
r/apexlegends,308.4372919,168.7687822
r/apple,-720.3117352,1519.125605
r/Archero,-1920.026168,319.411173
r/ArchitecturePorn,966.5796142,1486.276087
r/arduino,1448.786903,-747.2372826
r/arresteddevelopment,593.2302706,1554.587464
r/Art,1319.978168,1130.310086
r/AskHistorians,1723.549254,254.0226379
r/AskMenOver30,-1462.338856,93.70476869
r/AskOuija,1319.978168,510.4402665
r/AskReddit,2121.21953,324.1426371
r/askscience,-1640.796756,1723.192222
r/assassinscreed,-20.76254233,520.145646
r/assholedesign,-1511.503159,-1753.243246
r/astrophotography,-1773.451589,1657.774098
r/ATBGE,-1840.840233,-1647.339249
r/AteTheOnion,-775.9222734,-1250.56375
r/atheism,-648.9669445,1434.100195
r/attackontitan,-78.4863522,916.073201
r/auckland,-760.0005819,306.7567549
r/audiophile,156.6820406,-1674.445014
r/Austin,-84.03516164,788.3954515
r/australia,-1864.37156,270.6033924
r/AvatarMemes,742.2253759,89.39898648
r/avatartrading,-1407.211983,1777.656552
r/aviation,-1894.905719,-1610.392108
r/aviationmemes,1483.625781,-731.8544133
r/Avieshek,-2124.092784,1239.896194
r/aww,820.335536,-1096.941456
r/Awwducational,-1359.051267,-323.6349435
r/Bad_Cop_No_Donut,-1446.036022,-1754.733873
r/Badfaketexts,-746.0170457,-1100.961788
r/badlinguistics,-2117.195661,607.6396602
r/Barotrauma,1377.275088,693.0587512
r/baseball,-549.3201035,1257.07498
r/BasicIncome,-1314.747339,1780.683531
r/BatmanArkham,-627.732521,460.9403452
r/bayarea,156.6820406,-519.4378985
r/BeAmazed,-816.3209172,-719.2115001
r/BeamNG,-617.6165098,476.4434844
r/beer,-1995.01181,1463.470998
r/BeforeNAfterAdoption,-1359.051267,-1747.456148
r/behindthebastards,1268.274338,417.2878119
r/beneater,1220.258973,-1116.322563
r/bengals,-1623.471598,135.001691
r/berlin,-1725.064573,179.7036701
r/Berserk,29.58731271,426.2544433
r/bestof,-2138.402415,-1281.586193
r/beta,1830.161533,-350.6056436
r/BetterEveryLoop,-1576.563505,-325.2855425
r/BiggerThanYouThought,472.7647414,-1630.35336
r/bigtiddygothgf,472.7647414,-563.5295522
r/Bikeporn,-2006.440515,415.8061188
r/BikiniBottomTwitter,-1252.608573,-347.4446669
r/BitchImATrain,1059.355363,206.8510367
r/Bitcoin,-1789.171718,216.7159476
r/bjj,2039.492946,348.6099702
r/BlackLivesMatter,-345.2326657,-1123.870809
r/blackmagicfuckery,-1822.098656,-412.5487559
r/BlackMetal,2029.140407,-1229.156704
r/blackpeoplegifs,-759.2138547,-883.8439799
r/BlackPeopleTwitter,759.2057556,-837.0335653
r/blender,784.3806651,95.85693925
r/Blep,-826.2189158,-1371.342004
r/Blink182,2029.140407,-1003.488421
r/Blizzard,947.1693636,1495.109596
r/blog,2227.83181,254.0226379
r/blunderyears,1310.725261,491.2264066
r/blursedimages,-1316.050177,-1739.873895
r/bonehurtingjuice,-323.5955591,-937.3698833
r/books,-598.4109596,1356.621389
r/boomershumor,-744.3617306,-1079.189883
r/BottleNeck,-486.5465089,876.8609248
r/BrandNewSentence,497.1482376,-574.9760473
r/Breath_of_the_Wild,29.58731271,1214.495909
r/britishproblems,-2.25866716,1159.028399
r/BritishSuccess,867.2181068,116.0300622
r/brooklynninenine,1127.524088,1382.693636
r/Buddhism,-2165.48179,766.8176927
r/business,-501.0339753,1097.896948
r/Business_Ideas,-501.0339753,766.8176927
r/BuyItForLife,264.1696991,-1679.414469
r/canada,-1570.700675,1746.986635
r/CapitolConsequences,-925.1253782,1676.284641
r/carporn,18.43804518,1196.31673
r/cars,-1113.64264,1751.972563
r/carscirclejerk,-1708.552281,171.3355634
r/castiron,1222.017817,-1078.279344
r/CasualUK,-84.03516164,852.3549004
r/CatastrophicFailure,-589.3305614,1340.489824
r/Catculations,-1131.45213,-396.8233577
r/cats,344.3838065,-523.7745705
r/CatsAndPlants,1203.672425,332.5691084
r/catsareliquid,-2138.402415,-789.5048979
r/CatsBeingCats,-911.3382781,-1497.950708
r/CatsEnjoyingPets,2159.402263,-331.4295548
r/CatsStandingUp,-1803.02571,-401.9196165
r/Catswhoyell,2121.21953,-350.6056436
r/Catswithjobs,-1682.6326,-1720.383173
r/CatTrap,2320.955647,-138.8977282
r/ChainsawMan,-80.95076573,894.8902982
r/changelog,2333.210046,71.50217825
r/changemyview,406.0359088,126.0467056
r/chemicalreactiongifs,-1021.242689,-467.3288048
r/chemistry,1870.312295,338.7563194
r/ChineseLanguage,1248.101386,-967.3788082
r/chloe,1351.317972,1051.020658
r/ChoosingBeggars,-84.65255831,831.0380638
r/Christianity,-2181.584093,913.8467765
r/Cinema4D,805.3004278,99.9984644
r/circlejerk,-2082.660723,-671.1410414
r/CircleofTrust,1694.227831,222.9437453
r/CitizensClimateLobby,-2171.910434,803.2763467
r/ClashOfClans,386.0376173,1507.297093
r/clevercomebacks,-2171.784622,-916.0069417
r/ClimateActionPlan,-2168.894971,785.0119555
r/coding,-1983.268147,1477.780693
r/collapse,-1222.502736,1773.626182
r/CombatFootage,-1835.000757,1616.648258
r/comedyheaven,1227.279343,-1192.08443
r/ComedyNecrophilia,-92.28797809,-1577.993515
r/comics,1363.494515,1010.148842
r/community,699.7669831,1555.358664
r/compsci,-1498.79751,1764.581227
r/confidentlyincorrect,-343.3674616,-1150.742693
r/confusing_perspective,-2082.660723,-1399.95005
r/conspiracy,-1078.10055,1741.612988
r/ContagiousLaughter,-1533.261875,-1751.422766
r/ContraPoints,396.8119196,-1657.777362
r/coolguides,-343.3674616,-1043.14022
r/cordcutters,-1204.176909,1771.009872
r/Coronavirus,-660.0752503,1448.908522
r/CorporateFacepalm,-1945.387419,-1568.681607
r/cosmology,-1333.257882,1780.885458
r/Cosmos,-1920.026168,1545.303468
r/cpp,-589.3305614,524.2248161
r/crappyoffbrands,-57.04010777,1020.431835
r/CrazyIdeas,1230.980195,365.326692
r/creepy,-1928.984856,-1583.093816
r/cringe,-1167.718255,1764.581227
r/cringepics,-744.3617306,-991.9012079
r/CrossView,-485.5373558,895.3450428
r/CrusaderKings,1279.685615,435.3036788
r/Crypto_com,-330.3667002,-1230.441421
r/CryptoCurrency,-340.2632113,-1177.499762
r/cscareerquestions,-1060.507452,128.8604612
r/css,-2038.783244,1403.774295
r/curledfeetsies,-836.7030177,-1390.495058
r/cursedcomments,271.2997533,1451.015483
r/cute,-1337.493181,-1743.991356
r/cyberDeck,1303.538603,-867.8499369
r/Cyberpunk,107.0798127,1316.119279
r/cyberpunkgame,1159.272072,286.5319527
r/cybersecurity,-2028.331441,1419.053065
r/dadjokes,-607.8411052,1372.551027
r/DadReflexes,-746.0170457,-970.1293038
r/dalmatians,-2071.315742,-1418.606076
r/Damnthatsinteresting,-1402.433158,-318.6755271
r/dankchristianmemes,422.5429946,-544.0735439
r/DankLeft,396.8119196,-536.1055507
r/dankmemes,508.7769599,1542.898367
r/dankvideos,-57.04010777,620.3185171
r/DataArt,-2174.526744,1043.112467
r/DataHoarder,-1240.881276,88.87254711
r/dataisbeautiful,-2168.894971,1079.702685
r/Daytroopin,826.0915217,104.7438959
r/de,-44.27314427,1061.123089
r/DeathByMillennial,130.0968867,-1670.108342
r/deathgrips,-489.7731093,839.9807137
r/deathnote,1004.592447,173.8081235
r/Deltarune,804.8473933,-1230.441421
r/Design,1910.341365,-811.6213804
r/DesignDesign,77.66877351,-1657.777362
r/DesignPorn,-2046.953858,-1454.842561
r/DetroitBecomeHuman,344.3838065,-1670.108342
r/DidntKnowIWantedThat,-1912.152453,-474.0895035
r/discordapp,-695.300651,372.8838439
r/discordVideos,657.1478317,83.84847978
r/disneyvacation,264.1696991,-514.4684441
r/distressingmemes,184.2988765,1389.521473
r/DiWHY,1781.51329,-731.8544133
r/DIY,1756.280455,281.4873767
r/diypedals,1483.625781,-1500.790712
r/diysound,-925.1253782,188.4299992
r/django,-1078.10055,123.1016524
r/DnD,1368.690293,989.465694
r/doctorwho,-29.1724868,1101.007218
r/Documentaries,-509.0468052,1134.040488
r/dogswithjobs,-790.2319785,-779.2742611
r/dontyouknowwhoiam,-211.354591,-1469.449956
r/DotA2,-529.7610234,1205.107751
r/Drizzy,92.95599308,340.6093838
r/drumline,2043.121254,-1154.365782
r/Drumming,1816.352167,-1485.407843
r/drums,1282.01603,-1333.376104
r/duluth,-1112.22007,-1663.929273
r/DunderMifflin,732.9978684,-789.9813946
r/dunememes,1668.712708,-215.133994
r/duolingo,2195.100609,-307.9503832
r/eagles,-2109.925427,590.6154217
r/EarthPorn,-1725.064573,1685.01097
r/ECE,-1204.176909,93.70476869
r/ECEComponentExchange,1448.786903,-1485.407843
r/ecomi,-335.9265393,-1204.084916
r/Economics,-572.2361256,1307.651719
r/economy,-893.064176,1657.774098
r/EDM,77.66877351,-536.1055507
r/educationalgifs,-1316.050177,-331.2171959
r/Eldenring,79.30067733,356.9898922
r/ElectroBOOM,-487.9586508,858.4032202
r/electronics,1354.797705,-811.6213804
r/EliteDangerous,1076.946508,218.9067545
r/Eminem,1618.171017,71.50217825
r/ems,1344.347415,569.5752894
r/engineering,-1878.681256,1582.367585
r/EngineeringPorn,-2181.703173,-1046.462916
r/EngineeringStudents,1756.280455,-307.9503832
r/entertainment,-580.6042323,1324.164011
r/EntrepreneurRideAlong,-1351.768426,84.03110957
r/environment,-491.9890209,1043.112467
r/europe,-504.84325,1116.012423
r/evangelionmemes,406.0359088,1514.703646
r/EverythingScience,-485.5373558,969.3695978
r/evilbuildings,1041.42257,195.3096485
r/extremelyinfuriating,763.3497709,92.32279236
r/Eyebleach,-1661.747096,-344.3399054
r/F1Game,-75.40971126,703.5744738
r/F1Porn,1910.341365,-1421.023745
r/F1Technical,2043.121254,-1078.279344
r/facepalm,819.7133588,-1070.012104
r/fakedisordercringe,770.6522506,-1332.465851
r/fakehistoryporn,-2085.911533,1324.164011
r/FallenOrder,1290.570537,453.642359
r/Fallout,649.5509091,-1509.252019
r/FaviFake,-802.1442044,270.6033924
r/feedthebeast,218.0231538,225.1243454
r/fffffffuuuuuuuuuuuu,-1211.248094,-1709.650173
r/ffxiv,1230.980195,1275.42366
r/fifthworldproblems,-2077.185204,1340.489824
r/fightporn,-2179.715803,-1090.082116
r/finalfantasyx,571.9988492,88.16674744
r/Firearms,291.0415831,-1677.549265
r/firefox,-2068.104805,1356.621389
r/FirefoxCSS,-2152.873125,1151.972563
r/firstworldanarchists,-1912.152453,-1597.001588
r/fixedbytheduet,-1056.52898,-1629.48119
r/Floof,-1640.67795,-1732.482414
r/fo4vr,1594.526316,-1526.874281
r/fo76,718.2924053,-1426.469781
r/food,-1674.999781,1709.024865
r/formula1,41.25820733,1232.344688
r/FormulaBuddyRetard,1328.670942,529.913951
r/formuladank,121.6602958,1331.681998
r/FortNiteBR,-335.9265393,-989.7979964
r/foundsatan,2333.210046,-97.96518472
r/fountainpens,1327.868353,-1394.094393
r/foxes,-1723.775906,-1705.760838
r/france,-494.6053309,1061.438294
r/freefolk,1.715951687,-1630.35336
r/Frugal,-1588.415214,1741.612988
r/fuckcars,51.93769854,-1649.809369
r/fuckepic,-44.27314427,579.6272625
r/FUCKYOUINPARTICULAR,-940.407455,-1530.532409
r/FuckYouKaren,-2163.225492,-873.1895903
r/functionalprint,1556.807668,-711.0323711
r/funny,1388.362241,820.375176
r/FunnyandSad,-2033.959399,-1472.389638
r/FunnyAnimals,-1380.704576,-1750.26508
r/Funnymemes,-1467.870134,-1754.899562
r/funnysigns,184.2988765,251.2288791
r/funnyvideos,-272.1646669,-813.2047257
r/futurama,614.5108057,1555.975818
r/Futurology,-733.2578825,1532.35732
r/gadgets,-957.9634839,1693.379077
r/Gameboy,1357.702123,610.0774539
r/gamecollecting,699.7669831,85.3916884
r/GameDeals,1328.670942,1110.836401
r/gamedev,927.5115125,137.3728911
r/gamernews,121.6602958,309.068354
r/Games,985.7259923,1476.88434
r/gaming,1344.347415,1071.175063
r/Gamingcirclejerk,317.7986525,-1674.445014
r/gay,-296.1715575,-861.4170615
r/gaybros,26.60206876,-553.221385
r/geek,-754.9337968,-905.2551215
r/generative,-607.8411052,492.1636138
r/Genshin_Impact,-11.78876149,1139.950506
r/germany,200.9720393,237.9324755
r/getdisciplined,-1444.013029,1773.626182
r/GetMotivated,-1294.742011,-335.9835308
r/GhanaSaysGoodbye,-1093.310631,-418.0791884
r/gifs,-925.625605,-556.6289278
r/gifsthatkeepongiving,-1554.955319,-322.148319
r/GlobalOffensive,-1407.211983,87.05808859
r/goldenretrievers,-1038.690655,-1616.889525
r/graphic_design,1282.01603,-899.2690216
r/GrassrootsLongevity,-2178.557114,858.4032202
r/greentext,-807.0181406,-1332.12575
r/gtaonline,-135.2681526,-1545.536394
r/guitarlessons,-2085.911533,540.5506295
r/guitarpedalsjerk,1388.053511,799.0516352
r/guitarporn,136.6852194,293.934274
r/Gunners,-2136.754742,1205.107751
r/GymMemes,168.0176431,265.0024095
r/hacking,-1971.215114,372.8838439
r/HappyPitbull,1937.270718,-838.550733
r/Harambe,-598.4109596,508.0932516
r/hardware,-2017.54882,1434.100195
r/hearthstone,-1576.563505,-1745.805549
r/HighQualityGifs,-955.6702101,-524.9444523
r/HighStrangeness,-1657.975543,1716.295099
r/HIMYM,635.8226148,84.00284917
r/hiphopheads,-877.3440465,1647.998693
r/history,-2147.887197,1169.800112
r/HistoryMemes,-20.76254233,1120.604706
r/hmmm,-1991.867028,-1522.553372
r/hockey,-1534.94105,1756.568398
r/holdmycosmo,-2033.959399,-598.7014534
r/holdmyjuicebox,-847.7635642,-661.7699827
r/HolUp,-2152.084408,-1240.120697
r/homeautomation,1235.998663,-1003.488421
r/homelab,1227.279343,-1040.560696
r/Honda,790.108259,-1282.244104
r/HongKong,-2180.978409,895.3450428
r/hopeposting,685.8352841,-1469.449956
r/horizon,1004.592447,1466.942228
r/Horses,1519.735394,-1512.893435
r/howto,-2181.703173,-1024.628176
r/HowToHack,-1259.303782,87.05808859
r/HumansAreMetal,-2181.040513,-1002.803493
r/HumansBeingBros,-2020.438391,-581.556827
r/HumanTippyTaps,668.1528912,-1489.770145
r/IAmA,-1933.257882,1532.35732
r/Iamactuallyverybadass,-2177.730264,-959.2646997
r/iamatotalpieceofshit,-1021.242689,-1603.762287
r/IASIP,-2175.085725,-1133.500392
r/ich_iel,253.2017563,1439.734915
r/IdiotsInCars,-1273.588314,-1729.696742
r/Idiotswithguns,317.7986525,-519.4378985
r/ihavesex,210.1611694,-166.6081611
r/IllegallySmolCats,-1402.433158,-1752.415564
r/illusionporn,-2179.715803,-981.0089751
r/im14andthisisdeep,-1703.315221,-1713.384241
r/ImaginaryLandscapes,92.95599308,1300.140968
r/imaginarymaps,-84.65255831,809.7122882
r/Imposter,2304.03213,151.667845
r/india,-1606.008313,1735.854179
r/IndianGaming,-1296.245605,84.63679362
r/IndiaNostalgia,770.0700717,-191.3310901
r/Infographics,-941.4511917,1685.01097
r/insanepeoplefacebook,447.8786244,-553.221385
r/instant_regret,-971.3998093,-509.8006223
r/instantkarma,-2103.626512,-709.4427382
r/interesting,-284.7250624,-837.0335653
r/interestingasfuck,-1273.588314,-341.3943494
r/interlingue,-491.9890209,821.6021735
r/intermittentfasting,-389.8388306,-166.6081611
r/InternetIsBeautiful,-1149.60278,1760.771953
r/investing,-991.5159839,1709.024865
r/iOSProgramming,-524.0022146,677.1999883
r/iphone,-2102.285541,1290.960807
r/iPhoneography,-1640.796756,141.5224189
r/iRacing,1263.484255,-1300.105195
r/itookapicture,-1757.521951,1667.204243
r/java,-1819.953628,237.2837619
r/javascript,-2058.67466,492.1636138
r/Jazz,1127.524088,258.0567158
r/JDM,447.8786244,-1640.661528
r/JoeBiden,798.0762522,-937.3698833
r/Jokes,-1008.540222,1716.295099
r/Justfuckmyshitup,-2020.438391,-1489.534264
r/JusticePorn,-769.7129292,-1229.630525
r/JusticeServed,-524.0022146,1187.514652
r/Kanye,-135.2681526,-648.3465187
r/kde,-720.3117352,345.589035
r/KeepOurNetFree,-627.732521,1403.774295
r/KenM,-1822.098656,-1658.542335
r/KerbalSpaceProgram,-78.4863522,724.677151
r/keto,-189.8388306,-166.6081611
r/ketorecipes,529.7544867,94.01374638
r/KidsAreFuckingStupid,-1840.840233,-423.751842
r/KingOfTheHill,-1095.81509,1746.986635
r/kittens,-847.7635642,-1409.321109
r/Kombucha,1670.612754,-1526.874281
r/Konosuba,826.0915217,1536.006456
r/ksi,53.44094509,390.902247
r/KTMDuke,1222.017817,-1154.365782
r/labrats,1954.326758,353.5703358
r/lakers,-2142.51355,1187.514652
r/lastweektonight,678.468579,1556.438796
r/LateStageCapitalism,817.8481548,-1043.14022
r/Layer,2282.668355,-215.133994
r/leagueoflegends,657.1478317,1556.901872
r/LeagueOfMemes,1373.285101,968.6407944
r/learnjavascript,-1185.912518,96.72023189
r/learnmachinelearning,-1878.681256,282.3470558
r/learnprogramming,-1606.008313,128.8604612
r/learnpython,-1552.873125,112.742078
r/LearnUselessTalents,-1976.842995,-1538.397435
r/lego,614.5108057,84.77453435
r/legostarwars,1094.181258,231.4666954
r/LeopardsAteMyFace,291.0415831,-516.3336481
r/Lexus,814.7439044,-1177.499762
r/lgbt,520.9770772,-587.5364429
r/lifehacks,-1894.905719,-460.6989834
r/LifeProTips,-1623.471598,1729.71295
r/LiminalSpace,66.12531294,1266.991486
r/linux,-1958.858448,1505.614621
r/linux_gaming,-556.5903379,590.6154217
r/linuxmasterrace,-1674.999781,155.6897757
r/linuxmemes,-746.4895972,319.411173
r/listentothis,-638.184324,1419.053065
r/lithuania,-941.4511917,179.7036701
r/LivestreamFail,1336.796295,1091.119217
r/LockdownSkepticism,-2068.104805,508.0932516
r/logodesign,-1149.60278,103.9426878
r/london,-1741.390387,188.4299992
r/LosAngeles,-2048.899255,1388.271156
r/lostredditors,-790.2319785,-1291.81683
r/lotr,635.8226148,1556.747503
r/lotrmemes,804.8473933,-963.441492
r/LoveForLandlords,985.7259923,163.8660117
r/LSD,130.0968867,-523.7745705
r/MachineLearning,-1892.731359,294.4000888
r/MacroPorn,1881.042161,-787.2916309
r/MadeMeSmile,-1783.638967,-391.8742159
r/MakeMeSuffer,235.4379259,212.815226
r/MalaysiaCentrist,-1804.674857,226.8319588
r/malelivingspace,-748.3323514,-1122.673426
r/mallninjashit,-155.5883424,-1527.854001
r/manga,1159.272072,1354.218399
r/mantids,817.8481548,-1150.742693
r/MapPorn,-22.66754446,-574.9760473
r/MarchAgainstNazis,-340.2632113,-1016.38315
r/marketing,-2006.440515,1448.908522
r/marvelmemes,289.7167449,178.9829794
r/marvelstudios,721.0251891,1553.662379
r/MasterReturns,-1619.444573,-333.5195145
r/math,-2161.672515,1116.012423
r/mathmemes,1668.712708,188.6709876
r/maybemaybemaybe,-1928.984856,-487.9972748
r/McLarenFormula1,1961.600467,-1364.795189
r/me_irl,-2145.558092,-1260.957278
r/MealPrepSunday,487.9193458,102.2959287
r/mealtimevideos,-2102.285541,573.7538338
r/mechanical_gifs,-836.7030177,-680.5960334
r/MechanicalKeyboards,1248.101386,-1265.266317
r/meirl,-2006.40329,-1506.260646
r/MemeEconomy,136.6852194,1346.816078
r/memes,529.7544867,1546.736606
r/MEOW_IRL,-2130.62397,-1301.98844
r/MetalDrums,1849.623076,-1466.876068
r/Michigan,-802.1442044,1594.111248
r/Mid_Century,508.7769599,97.85198464
r/mildlyinfuriating,1708.331402,-711.0323711
r/Military,-542.4229811,1239.896194
r/MilitaryPorn,-2142.51355,677.1999883
r/Minecraft,-67.43057505,661.6804773
r/Minecraftbuilds,-62.53476885,640.9242786
r/Minneapolis,-46.49638407,-587.5364429
r/minnesota,-69.7197152,-601.1839345
r/minnesotavikings,-155.5883424,-666.0289117
r/MisterBald,-2176.742656,839.9807137
r/mkbhd,-2165.48179,1097.896948
r/modelmakers,366.2621334,141.4356738
r/modnews,2320.955647,112.4347217
r/ModSupport,-484.9316717,950.867864
r/Mommit,-549.3201035,607.6396602
r/Monero,-509.0468052,730.6741528
r/MoneroTipsBot,-504.84325,748.7022178
r/morbidlybeautiful,1610.751456,29.42375712
r/Morrowind,1189.31877,316.7969406
r/MostBeautiful,-1877.260542,-447.8380507
r/motivation,-1170.812955,-1693.170371
r/motogp,467.1991298,107.341853
r/motorcycles,1849.623076,-765.7690573
r/MovieDetails,1791.978801,304.9665483
r/movies,1189.31877,1323.953411
r/MrRobot,805.3004278,1540.751888
r/MTB,-296.1715575,-1332.465851
r/MurderedByWords,51.93769854,-544.0735439
r/MURICA,-859.3903657,-1427.802812
r/Music,-556.5903379,1274.099219
r/musicproduction,-2094.279639,1307.651719
r/n64,947.1693636,145.6407562
r/Naruto,327.4457004,159.1008397
r/NatureIsFuckingLit,-1211.248094,-361.4409186
r/natureismetal,-1763.956287,-382.4218088
r/nba,-1552.873125,1751.972563
r/neocentrism,-638.184324,445.6615751
r/neoliberal,-1314.747339,84.03110957
r/Netherlands,-1691.861369,1701.384979
r/netpolitics,-2157.46896,730.6741528
r/netsec,-2136.754742,659.6068895
r/Neverbrokeabone,1556.807668,-1521.612755
r/nevertellmetheodds,-1424.216997,-317.1854717
r/newgrowers,-1277.761487,85.64594672
r/news,-671.5039546,1463.470998
r/newyorkcity,-1906.515183,1557.957886
r/newzealand,-1060.507452,1735.854179
r/nextfuckinglevel,-1703.315221,-357.7068506
r/NFA,810.4072324,-1204.084916
r/nfl,-760.0005819,1557.957886
r/niceguys,-754.9337968,-1165.83597
r/nightcafe,2001.654815,-932.5399306
r/nintendo,1059.355363,1433.899315
r/NintendoSwitch,1143.604218,1368.685848
r/NoahGetTheBoat,-345.2326657,-1070.012104
r/nonononoyes,-798.3191563,-758.9924113
r/nostalgia,846.7365171,1530.661096
r/notdisneyvacation,-272.1646669,-1380.678187
r/notinteresting,183.43911,-1677.549265
r/notmycat,1385.585218,756.4760426
r/nottheonion,-1025.719009,1723.192222
r/nova,1745.403677,-719.7516908
r/nvidia,-2117.195661,1257.07498
r/nyc,-1131.574715,1756.568398
r/occult,1354.797705,-1421.023745
r/occupywallstreet,-564.230224,1290.960807
r/oddlysatisfying,-1598.066527,-329.0771053
r/oddlyterrifying,-1489.699216,-1754.402534
r/okbuddyreiner,1143.604218,272.0645043
r/okbuddyretard,702.5603529,-1448.334814
r/OkCupid,1997.054306,-380.0333423
r/oklahoma,798.0762522,-1256.513029
r/oldpeoplefacebook,1303.538603,-1364.795189
r/OldSchoolCool,-2181.040513,-1068.287598
r/OnePiece,763.3497709,1548.42756
r/OnePunchMan,-11.78876149,500.7998464
r/OneSecondBeforeDisast,-243.8117122,-767.4131317
r/OopsDidntMeanTo,-782.7640575,-1271.298886
r/opensource,-908.9938137,1667.204243
r/OSHA,-2122.229922,-748.9458698
r/Outdoors,53.44094509,1249.848105
r/OutOfTheLoop,1415.515994,-765.7690573
r/outrun,271.2997533,189.7348687
r/Overwatch,1217.563449,1292.000138
r/pan,2081.068768,338.7563194
r/PandR,237.2403466,-513.8462668
r/Pareidolia,-2093.434288,-1380.95831
r/ParlerWatch,-315.6275659,-911.6388083
r/PartyParrot,-2130.62397,-769.1026513
r/pcgaming,1023.163163,1456.458087
r/pcmasterrace,1387.127577,863.0043815
r/PeakyBlinders,-258.5171753,-789.9813946
r/pengu,1256.346272,1241.140491
r/PenmanshipPorn,-2163.225492,-1197.901501
r/PeopleFuckingDying,-2177.730264,-1111.826392
r/perfectloops,-1170.812955,-377.9207206
r/perfectlycutscreams,1630.425416,112.4347217
r/PerfectTiming,-748.3323514,-948.4176655
r/Persona5,253.2017563,201.0154365
r/personalfinance,103.7403823,-529.3344096
r/pettyrevenge,1630.425416,-138.8977282
r/PewdiepieSubmissions,-2157.97535,-1219.095648
r/Phanteks,-1388.754278,85.64594672
r/philosophy,-487.9586508,1006.31142
r/photography,-1789.171718,1647.998693
r/photoshopbattles,-1961.345033,-517.312855
r/PHP,-733.2578825,332.3573203
r/Physics,-1296.245605,1780.077847
r/physicsgifs,-775.9222734,-820.5273413
r/physicsmemes,1791.978801,-331.4295548
r/PhysicsStudents,-1008.540222,148.4195413
r/pics,790.108259,-911.6388083
r/Pimax,1263.484255,-932.5399306
r/Piracy,-1222.502736,91.08845869
r/pitchforkemporium,1911.888117,-375.0729767
r/place,2340.629607,29.42375712
r/playstation,107.0798127,324.6310727
r/PlayStationPlus,-37.01154466,559.5758817
r/pokemon,152.1419877,279.2415201
r/PokemonUnite,870.0700717,-91.33109013
r/poland,-1691.861369,163.3296618
r/politecats,1694.227831,-249.4067517
r/Political_Revolution,-1946.20403,1519.125605
r/PoliticalCompassMemes,550.8343404,1549.96592
r/PoliticalHumor,746.64536,-813.2047257
r/politics,-683.2476179,1477.780693
r/pop_os,-671.5039546,401.2436422
r/popheadscirclejerk,-228.0796598,-1448.334814
r/popping,1351.317972,589.7296943
r/PornhubComments,-1598.066527,-1742.013986
r/Portland,-2181.78602,932.3573203
r/povertyfinance,210.310994,-514.4684441
r/PraiseTheCameraMan,-2157.97535,-851.9954428
r/premed,1954.326758,-380.0333423
r/PremierLeague,-1773.451589,206.940543
r/PrequelMemes,-67.43057505,979.0698747
r/privacy,-707.6573171,1505.614621
r/productivity,-773.784406,294.4000888
r/ProgrammerHumor,550.8343404,90.78443158
r/programming,-1971.215114,1491.830797
r/ProgrammingLanguages,-974.654396,163.3296618
r/progrockmusic,-831.5150079,1616.648258
r/progun,-617.6165098,1388.271156
r/PropagandaPosters,-1294.742011,-1735.10756
r/ProperAnimalNames,-1906.515183,306.7567549
r/ProRevenge,566.7686712,-1577.993515
r/providence,1781.51329,-1500.790712
r/PS4,1041.42257,1445.440703
r/PS5,784.3806651,1544.893413
r/psychology,-1277.761487,1779.068694
r/psytrance,2227.83181,-280.4856444
r/PUBATTLEGROUNDS,1203.672425,1308.181244
r/PublicFreakout,814.7439044,-1016.38315
r/pussypassdenied,-816.3209172,-1351.879591
r/Python,-1570.700675,117.7280055
r/QuestPiracy,819.7133588,-1123.870809
r/quityourbullshit,-1945.387419,-502.4094845
r/QuotesPorn,-486.5465089,987.8537157
r/radiohead,1415.515994,-1466.876068
r/rally,-175.070216,-1509.252019
r/rance,-1958.858448,359.1000197
r/rareinsults,-1991.867028,-548.5377188
r/rarepuppers,-884.2993759,-607.4256872
r/raspberry_pi,1384.096909,-787.2916309
r/reactiongifs,-1640.67795,-338.6086774
r/reactjs,-2017.54882,430.6144457
r/RedBullRacing,1937.270718,-1394.094393
r/reddeadredemption,-50.95119809,599.8804673
r/reddit.com,-484.729745,932.3573203
r/redditsecurity,2257.153233,222.9437453
r/redesign,2159.402263,304.9665483
r/regularshow,-2179.969256,876.8609248
r/religiousfruitcake,-306.4797247,-1307.579734
r/Repsneakers,1023.163163,184.2922654
r/restofthefuckingowl,-877.3440465,216.7159476
r/RetroFuturism,-2113.228005,-1342.037968
r/rickandmorty,26.60206876,-1640.661528
r/RimWorld,1310.725261,1149.523945
r/risa,1094.181258,1409.283657
r/robotics,2044.880098,-1116.322563
r/RoomPorn,907.6225405,1511.072751
r/rupaulsdragrace,-22.66754446,-1618.906865
r/rust,-2058.67466,1372.551027
r/SampleSize,-211.354591,-724.4329571
r/SandersForPresident,-513.6426402,1151.972563
r/Sandwiches,1384.096909,-1445.353495
r/sanfrancisco,-743.0365629,-1035.545546
r/SapphoAndHerFriend,-46.49638407,-1606.34647
r/savedyouaclick,-1849.809084,1605.539952
r/science,-861.8409074,1637.882682
r/sciencememes,1647.348934,-178.1308515
r/sciences,-1425.634489,1775.842093
r/ScienceTeachers,-991.5159839,155.6897757
r/ScottishPeopleTwitter,-764.1417455,-1208.518495
r/scuba,-315.6275659,-1282.244104
r/seduction,-1498.79751,100.1334131
r/self,-193.6721981,-704.1127673
r/SelfAwarewolves,370.7403109,-529.3344096
r/SequelMemes,237.2403466,-1680.036646
r/sffpc,-707.6573171,359.1000197
r/shanghai,1519.735394,-719.7516908
r/Sherlock,1336.796295,549.6311351
r/ShingekiNoKyojin,327.4457004,1481.649512
r/ShitPostCrusaders,487.9193458,1538.454423
r/shitposting,467.1991298,1533.408499
r/shittyaskscience,-1252.608573,-1723.646424
r/ShittyLifeProTips,-1723.775906,-365.3302532
r/ShittyMapPorn,1723.549254,-280.4856444
r/shittymobilegameads,1387.127577,777.7459705
r/shittymoviedetails,1997.054306,353.5703358
r/shittyrainbow6,1708.331402,-1521.612755
r/shittyreactiongifs,-1619.444573,-1737.571577
r/shittyrobots,-1446.036022,-316.357218
r/shrooms,1610.751456,-55.88676359
r/SideProject,-1835.000757,248.0663823
r/SiegeAcademy,1745.403677,-1512.893435
r/simpleliving,-1444.013029,91.08845869
r/simracing,1881.042161,-1445.353495
r/Simulated,-1961.345033,-1553.778236
r/skamtebord,1235.998663,-1229.156704
r/skyrim,630.0690355,-1527.854001
r/smashbros,927.5115125,1503.377461
r/soccer,-1480.603247,1767.994409
r/socialism,-2157.46896,1134.040488
r/socialskills,-1516.912985,103.9426878
r/softwaregore,-831.5150079,248.0663823
r/somethingimade,-92.28797809,-615.8893976
r/SonyAlpha,-1741.390387,1676.284641
r/southpark,-2059.409798,-634.1818912
r/space,-518.6285677,1169.800112
r/spaceporn,-1462.338856,1771.009872
r/spacex,-1804.674857,1637.882682
r/SpaceXMasterrace,-1933.257882,332.3573203
r/sports,-489.7731093,1024.733927
r/SquaredCircle,-1185.912518,1767.994409
r/standardissuecat,-71.72342211,682.569713
r/starryai,1632.569535,-704.0120002
r/starterpacks,-114.1530109,-1562.261463
r/StartledCats,-1150.989091,-387.073331
r/startups,-1113.64264,112.742078
r/StarWars,742.2253759,1551.351365
r/StarWarsBattlefront,1243.911416,382.2846465
r/starwarsmemes,-82.80088587,873.6449279
r/stateofMN,370.7403109,-1664.548503
r/Steam,426.240243,119.2222213
r/SteamDeck,-1370.27016,84.63679362
r/steelers,-1534.94105,108.146243
r/Stoicism,-1588.415214,123.1016524
r/StoppedWorking,-897.5586368,-590.0778379
r/StrangerThings,-535.9022532,1222.571035
r/stripe,-751.3055148,-1144.304796
r/StupidFood,1816.352167,-747.2372826
r/submarines,-787.8345092,282.3470558
r/submechanophobia,-1819.953628,1627.430879
r/SubredditAdoption,2257.153233,-249.4067517
r/SubredditDrama,1911.888117,348.6099702
r/suggestmeabook,210.310994,-1679.414469
r/suicidebywords,-2167.829997,-894.533311
r/SupermodelCats,-871.5727106,-1445.923142
r/SurvivalGaming,386.0376173,133.4532594
r/suspiciouslyspecific,-2006.40329,-564.8304457
r/SweatyPalms,-859.3903657,-643.2882791
r/sweden,-1259.303782,1777.656552
r/synthesizers,1632.569535,-1528.633125
r/sysadmin,-542.4229811,624.8184467
r/tales,-29.1724868,539.7431341
r/talesfromtechsupport,-535.9022532,642.1436051
r/tampa,-1231.822116,-1716.962182
r/taoism,-957.9634839,171.3355634
r/TaoMastery,-683.2476179,386.9339471
r/TBI,-759.2138547,-1187.247111
r/tech,-1351.768426,1780.683531
r/technews,-816.706681,1605.539952
r/TechnicalDeathMetal,1983.123041,-899.2690216
r/technicallythetruth,-1743.995804,-1697.519988
r/technicalminecraft,966.5796142,154.4742649
r/technology,-746.4895972,1545.303468
r/teenagers,-345.8548429,-1096.941456
r/telescopes,-1892.731359,1570.314552
r/television,1076.946508,1421.843597
r/tennis,41.25820733,408.4056639
r/termux,-580.6042323,540.5506295
r/Terraria,1217.563449,348.7502138
r/teslamotors,-1657.975543,148.4195413
r/thalassophobia,-2152.084408,-830.9703941
r/ThanksObama,-1240.881276,1775.842093
r/thanosdidnothingwrong,-62.53476885,999.8260734
r/ThatLookedExpensive,-1074.741231,-1641.525681
r/ThatsInsane,-1380.704576,-320.8260114
r/thebutton,2282.668355,188.6709876
r/TheDepthsBelow,-2122.229922,-1322.145221
r/TheLastAirbender,-1554.955319,-1748.942772
r/TheMandalorianTV,1243.911416,1258.465705
r/therewasanattempt,-1682.6326,-350.7079187
r/thesidehustle,-494.6053309,803.2763467
r/TheSimpsons,685.8352841,-724.4329571
r/thewalkingdead,-1167.718255,100.1334131
r/theydidthemath,-1150.989091,-1684.01776
r/ThingsCutInHalfPorn,-2167.829997,-1176.55778
r/thinkpad,-80.95076573,745.8600538
r/Thisismylifemeow,-2059.409798,-1436.9092
r/thisismylifenow,-826.2189158,-699.7490876
r/thisshitistight,2037.859727,-1040.560696
r/ThriftStoreHauls,678.468579,84.31155559
r/TIHI,-1763.956287,-1688.669283
r/TikTokCringe,702.5603529,-745.5480988
r/tiktokcringemoment,588.633704,-1562.261463
r/tippytaps,-2145.558092,-810.1338138
r/titanfall,1380.656907,714.1146768
r/titanfolk,-2.25866716,481.7219533
r/todayilearned,2195.100609,281.4873767
r/ToiletPaperUSA,630.0690355,-666.0289117
r/ToolBand,-2130.613512,642.1436051
r/toptalent,-1467.870134,-316.1915292
r/torontoraptors,-1516.912985,1760.771953
r/totalwar,7.819751374,462.92796
r/traaaaaaannnnnnnnnns,544.2004083,-1592.698978
r/TracingInsights,2017.037685,-1265.266317
r/trance,2340.629607,-55.88676359
r/trashpandas,-1661.747096,-1726.751186
r/trashy,-1533.261875,-319.6683252
r/travel,-37.01154466,1081.17447
r/travisscott,-1131.574715,108.146243
r/trebuchetmemes,410.1611694,-166.6081611
r/trees,-2181.584093,950.867864
r/trippinthroughtime,-1038.690655,-454.2015665
r/TrueSTL,1373.285101,672.1095576
r/Trumpvirus,1.715951687,-563.5295522
r/tumblr,-2046.953858,-616.24853
r/turning,-284.7250624,-1356.849347
r/TwinCities,-175.070216,-684.6308938
r/Twitch,721.0251891,87.08797271
r/TwoXChromosomes,-695.300651,1491.830797
r/u__workchronicles,1357.702123,1030.672898
r/u_achilles-_-23,426.240243,1521.528131
r/u_ADAMWARLOCK707,289.7167449,1461.767373
r/u_ajamesmccarthy,-1864.37156,1594.111248
r/u_ALoBoi_Music,-743.3679311,-1057.377771
r/u_Alzward,1279.685615,1205.446673
r/u_Andromeda321,-1043.044167,135.001691
r/u_asanefeed,-2094.279639,557.0629218
r/u_bendubberley_,-897.5586368,-1481.013253
r/u_BOSSBABY33,-971.3998093,-1561.290469
r/u_BroderzYt,-518.6285677,694.9145282
r/u_CAP_X,609.7488458,-648.3465187
r/u_Chispy,-2174.526744,821.6021735
r/u_ConsciousPatroller,-75.40971126,937.1758781
r/u_Dansydemansy,168.0176431,1375.747942
r/u_dcxr,235.4379259,1427.935126
r/u_delusionsheeep,-884.2993759,-1463.665404
r/u_DesMephisto,887.5191209,122.5613357
r/u_dickfromaccounting,770.6522506,-861.4170615
r/u_eastcoastitnotes,1383.427725,905.4906693
r/u_elch3w,308.4372919,1471.98157
r/u_EnterpriseNews_Elf,-2038.783244,460.9403452
r/u_esberat,-1004.201158,-1590.111569
r/u_etymologynerd,103.7403823,-1664.548503
r/u_FaviFake,-816.706681,259.1746881
r/u_GallowBoob,-1976.842995,-532.6936564
r/u_Georgy_K_Zhukov,1647.348934,151.667845
r/u_GravyxNips,346.7260352,1490.763095
r/u_Herbies_Seeds,-908.9938137,197.5103974
r/u_I_Am_Err00r,-1803.02571,-1669.171475
r/u_josh-mountain,-660.0752503,415.8061188
r/u_kevinowdziej,649.5509091,-684.6308938
r/u_Kronyzx,-987.5817613,-1575.949947
r/u_lazymentors,-529.7610234,659.6068895
r/u_lookatnum,-2180.978409,969.3695978
r/u_mattreyu,-258.5171753,-1403.901518
r/u_matts41,-2176.742656,1024.733927
r/u_Morchel03,152.1419877,1361.508832
r/u_My_Memes_Will_Cure_U,-1424.216997,-1753.90562
r/u_mymexicanshrek,-925.625605,-1514.462164
r/u_MyNameGifOreilly,-1112.22007,-407.1618184
r/u_MyNameIsGriffon,-2028.331441,445.6615751
r/u_NiceCasualRedditGuy,-1190.90546,-1701.717133
r/u_nicolebun,497.1482376,-1618.906865
r/u_Pazluz,-955.6702101,-1546.146639
r/u_pdwp90,-2179.969256,987.8537157
r/u_PeterL1nch,2001.654815,-1300.105195
r/u_phd_dude,-2077.185204,524.2248161
r/u_PieChartPirate,-2171.910434,1061.438294
r/u_PorkyPain,970.0700717,-191.3310901
r/u_prestidigitator97,218.0231538,1415.626007
r/u_RampChurch,-798.3191563,-1312.09868
r/u_rightcoastguy,1388.053511,841.6987167
r/u_SerAntwon,1377.275088,947.6916007
r/u_ShaneH7646,1870.312295,-365.2193259
r/u_shittymorph,566.7686712,-615.8893976
r/u_ShrekkingHandsome,446.633682,1527.764824
r/u_SirT6,-2161.672515,748.7022178
r/u_sloth_on_meth,1618.171017,-97.96518472
r/u_SrGrafo,1385.585218,884.2743094
r/u_subins2000,-572.2361256,557.0629218
r/u_tfoust10,-330.3667002,-963.441492
r/u_Thibson34,846.7365171,110.0892556
r/u_Thryloz,-1093.310631,-1653.011903
r/u_Tokyono,1830.161533,324.1426371
r/u_TracingInsights,1983.123041,-1333.376104
r/u_tszdabee,-1783.638967,-1679.216875
r/u_TwasAnChild,1594.526316,-705.7708444
r/u_Unicornglitteryblood,718.2924053,-767.4131317
r/u_Unique_District_9381,-1131.45213,-1674.267734
r/u_winkysocks21,366.2621334,1499.314678
r/u_XenoGamer27,2304.03213,-178.1308515
r/u_ZadocPaet,2039.492946,-375.0729767
r/UFOs,1961.600467,-867.8499369
r/ukraine,-787.8345092,1582.367585
r/UkrainianConflict,-2130.613512,1222.571035
r/UNBGBBIIVCHIDCTIICBG,-743.3679311,-1013.71332
r/UncleRoger,1608.26707,-13.23150323
r/Unexpected,-1190.90546,-369.3739585
r/unitedkingdom,-2124.092784,624.8184467
r/Unity2D,1300.919977,472.2884787
r/Unity3D,1300.919977,1168.461873
r/unixporn,-564.230224,573.7538338
r/UpliftingNews,-773.784406,1570.314552
r/UrbanHell,-1946.20403,345.589035
r/uspolitics,-2109.925427,1274.099219
r/uvtrade,-513.6426402,712.742078
r/uwaterloo,-497.6207941,785.0119555
r/VALORANT,1670.612754,-705.7708444
r/VaushV,422.5429946,-1649.809369
r/vegan,-497.6207941,1079.702685
r/vexillology,-2178.557114,1006.31142
r/vexillologycirclejerk,746.64536,-1380.678187
r/vi,1290.570537,1187.107993
r/videos,-1743.995804,-373.5711033
r/videosynthesis,-484.9316717,913.8467765
r/vintagecgi,-846.5621372,237.2837619
r/vinyl,1111.045163,244.5203303
r/vjing,-648.9669445,430.6144457
r/VoteBlue,-974.654396,1701.384979
r/W2S,593.2302706,86.1628884
r/WarplanePorn,-2147.887197,694.9145282
r/Warthunder,780.9604179,-1307.579734
r/washingtondc,2017.037685,-967.3788082
r/WatchandLearn,-1337.493181,-327.0997357
r/WatchPeopleCode,-1095.81509,117.7280055
r/WatchPeopleDieInside,-1511.503159,-317.8478457
r/WeatherGifs,-2175.085725,-937.5906994
r/web_design,-1983.268147,386.9339471
r/webdev,-1995.01181,401.2436422
r/WebGames,-1849.809084,259.1746881
r/weed,-893.064176,206.940543
r/Wellthatsucks,-2113.228005,-729.0531233
r/Whatcouldgowrong,-1056.52898,-441.6099016
r/whatsthisplant,-861.8409074,226.8319588
r/WhatsWrongWithYourDog,-1489.699216,-316.6885577
r/whenthe,200.9720393,1402.817876
r/wheredidthesodago,7.819751374,1177.822392
r/whitepeoplegifs,-764.1417455,-862.5725961
r/WhitePeopleTwitter,810.4072324,-989.7979964
r/wholesomegifs,-1004.201158,-480.9795225
r/wholesomememes,-1231.822116,-354.1289093
r/Windows11,-1388.754278,1779.068694
r/wisconsin,183.43911,-516.3336481
r/witcher,1111.045163,1396.230022
r/woahdude,-782.7640575,-799.7922053
r/wokekids,732.9978684,-1403.901518
r/Wonderlands,870.0700717,-291.3310901
r/woodworking,-114.1530109,-631.62145
r/woof_irl,-2171.784622,-1155.08415
r/Wordpress,-1757.521951,197.5103974
r/WorkReform,668.1528912,-704.1127673
r/worldbuilding,1256.346272,399.6098611
r/worldnews,-846.5621372,1627.430879
r/WorldOfWarships,609.7488458,-1545.536394
r/wow,79.30067733,1283.76046
r/WTF,-871.5727106,-625.1679494
r/xboxone,867.2181068,1524.72029
r/XboxSeriesX,1174.514515,1339.303419
r/xqcow,1363.494515,630.6015104
r/YangForPresidentHQ,-2152.873125,712.742078
r/yesyesyesno,-911.3382781,-573.1403834
r/yesyesyesyesno,-2103.626512,-1361.648353
r/youdontsurf,-50.95119809,1040.869885
r/youseeingthisshit,-751.3055148,-926.7862953
r/YouShouldKnow,-323.5955591,-1256.513029
r/yuumimains,1368.690293,651.284658
r/ZadocPaet,2081.068768,-365.2193259
r/zelda,887.5191209,1518.189016
r/Zoomies,-807.0181406,-738.9653409
